nombre|ubicacion|ubicacion_detalle|ubicacion_referencia|distrito|region|fecha_inicio|fecha_inicio_alt|fecha_fin|descripcion|precio|organizador|asistiran|me_interesa|veces_compartido|imagen|enlace_evento
Todo Volc√°n Debe Morir|Oficina Bar|jr. carabaya 815, Lima 01 Lima||||S√°bado, 14  de  diciembre  de  2019  - 20:00 ||S√°bado, 14  de  diciembre  de  2019  - 2:00 | , Lleg√≥ la hora de decir adi√≥s y hemos armado una √∫ltima destrucci√≥n para todxs., Han sido 10 a√±os de hacer canciones, tocar en vivo y hacer amigos en lugares jam√°s pensados. No quer√≠amos irnos sin despedirnos de todxs aquellos que han hecho que esto haya sido posible, as√≠ que se viene una √∫ltima y gran destrucci√≥n masiva., , Pronto vamos a anunciar las bandas que nos van a acompa√±ar en est√° celebraci√≥n final del rock., Por lo pronto les damos la fecha, la hora y el lugar y hemos soltado unas pre-ventas en , para que vayan asegurando su rock. , , Pre-ventas: , , Los queremos ver a todxs ah√≠ y cantar juntos una √∫ltima vez, , Lxs tqm mucho desde ya y para siempre., Saludos cordiales,, , Millones de Colores||Millones de Colores|643|720|37|https://scontent.flim1-2.fna.fbcdn.net/v/t1.0-0/cp0/e15/q65/c53.0.1556.872a/s320x320/75576437_2846868858670721_407258634481827840_o.jpg?_nc_cat=107&efg=eyJpIjoiYiJ9&_nc_ohc=tXmBQH9TZ8sAQlhcIGgjawJixPX5gvKXyPE9kYGmzhAZcNOjMYppH1Jxg&_nc_ht=scontent.flim1-2.fna&oh=9813eb36aa34f27614635a8b28f9aee5&oe=5E70D89D|https://mbasic.facebook.com/events/2540106696105528
Astral FEST - Edici√≥n Navidad|Lima|||||Viernes, 20  de  diciembre  de  2019  - 19:00 ||Viernes, 20  de  diciembre  de  2019  - 2:00 |||Paradero Astral|98|266|10|https://scontent.flim1-2.fna.fbcdn.net/v/t1.0-0/cp0/e15/q65/c144.0.563.315a/s320x320/78618950_459918864725600_6463296980087996416_n.jpg?_nc_cat=102&efg=eyJpIjoiYiJ9&_nc_ohc=pk70dQVyJ3MAQkS2H-glHm19rTJ3Bs70izZuWBT25PDTQj4h8gnVk62jw&_nc_ht=scontent.flim1-2.fna&oh=c0a28047eac42306c02f7ad7173f0124&oe=5E6A2932|https://mbasic.facebook.com/events/697727167300824
Grupo Rio & Afrodisiaco en concierto|Centro de Convenciones Bianca|Av. Miguel Grau N¬∞135, Lima 04 Barranco, Lima, Peru||||Viernes, 20  de  diciembre  de  2019  - 21:30 ||Viernes, 20  de  diciembre  de  2019  - 2:00 |"‚Ä¢ Conciertazo en C.C. Bianca Arena de Barranco , , CONCIERTO DE PURO ROCK CON GRUPO RIO & AFRODISIACO  , , Por primera vez se juntan 2 de las bandas m√°s consagradas del rock nacional en un solo escenario, el grupo Rio y la banda Afrodisiaco, en C.C. Bianca de Barranco, ser√° un concierto lleno de sorpresas para todos sus  fieles seguidores. , , El grupo Rio con ""Pocho"", ""Chachi"" y ""Cucho"";  vienen con un show extendido que nos har√°n recordar sus cl√°sicos temas como ‚ÄúLo Peor de todo‚Äù, ‚ÄúTelevidente‚Äù, ‚ÄúTodo estaba bien‚Äù, ‚ÄúMi Princesa‚Äù; adem√°s de sus nuevas canciones.,  , Y por su parte Afrodisiaco en la voz de Koky Bonilla, nos har√°n vibrar con ritmos alegres y melod√≠as contagiantes como ‚ÄúDate la vuelta‚Äù, ‚ÄúCoraz√≥n Malherido‚Äù ‚ÄúB√©same‚Äù, y sus mejores √©xitos para recordar buenos momentos noventeros., , Ven, comparte c√≥modamente y totalmente cerca de este especial concierto en m√°s de 3 horas de show con lo mejor de la m√∫sica nacional‚Ä¶!!!, , Todos los asistentes tienen ubicaci√≥n y atenci√≥n en mesa. Olv√≠date de esperar muchas horas parado para disfrutar de tus artistas favoritos en un concierto.  , , Fecha: viernes 20 de diciembre 2019 , Hora: 9: 30 p. m., Lugar: Av. Grau 135 - Barranco., , Entradas: , *VIP: S/ 79 soles. , *General: S/ 62 soles., *Mezanine: S/ 40 soles. , , *Precios no incluye comisi√≥n de ticketera, Entradas a la venta en Teleticket de Wong y Metro. , , Informes: 997 148 091., , , , , , "||Eventos Morrison|185|1.8¬†mil|80|https://scontent.flim1-2.fna.fbcdn.net/v/t1.0-0/cp0/e15/q65/c18.0.563.315a/s320x320/76726070_2441870099404230_6996250022920585216_n.jpg?_nc_cat=108&efg=eyJpIjoiYiJ9&_nc_ohc=O6nfXdqhk2MAQm5ar1XMqUgnQOaRi401W0NdLwiVw8YkoHPs66H7weaMg&_nc_ht=scontent.flim1-2.fna&oh=743303b070844d84def6998489963170&oe=5E7C0520|https://mbasic.facebook.com/events/782936122164924
The Get Down Party vol.6|Sargento Pimienta de Barranco|Av. Bolognesi 757, Lima 04 Barranco, Lima, Peru||||Viernes, 20  de  diciembre  de  2019  - 22:00 ||Viernes, 20  de  diciembre  de  2019  - 4:00 |¬°Vuelve el tonazo con lo mejor del funk, hip hop, soul y r&b en una noche de black music en vivo!, , The Get Down Party vol.6, Viernes 20 de Diciembre, Sargento Pimienta Rock Bar, Av. Bolognesi 757 - Barranco, , , Con temas de:, Michael Jackson - James Brown - Will Smith -  Bruno Mars - Cardi B - Spice Girls - The Weeknd - Stevie Wonder - Santana - Lenny Kravitz - Bee Gees - Kool & The Gang - TLC - Justin Timberlake - Britney Spears - Illya Kuryaki and the Valderramas ‚Äì Backstreet Boys - Pharrell y m√°s..., , Interpretado por:, Jose Roberto Terry (bater√≠a y coros), Rodrigo Mari√°tegui (bajo), Diego Gonzales (guitarra y coros), Hazael Abraham (guitarra), √Ångel Rafaeli (teclados), Mariana Quiroz (coros), Narda Pumarada (coros), Silvana del Campo (coros), Jos√© Miguel Vegas (voz), Shantall (voz), Jhovan Tomasevich (voz), Gisella Ponce de Leon (voz), Pablo Saldarriaga & Tito Iglesias (voces), , Direcci√≥n musical por TgthR, , , Entrada general: S/.35, Entrada + 1 cerveza: S/.45, No incluye comisi√≥n ticketera., , Preventa disponible en , ‚ñ∫ , , Entradas sin recargo disponibles en la boleter√≠a del local., , Ingreso s√≥lo para mayores de 18 a√±os. Presentar DNI., , , Auspicia: , , M√°s info en ||Sargento Pimienta de Barranco|179|558|15|https://scontent.flim1-2.fna.fbcdn.net/v/t1.0-0/cp0/e15/q65/c66.0.1914.1072a/s320x320/77248335_2611336208901943_5857035073215266816_o.jpg?_nc_cat=109&efg=eyJpIjoiYiJ9&_nc_ohc=YcBWELvOVb4AQkn4NKwaACF1dgGQG3HtYXuv-CGa9GLGpxua041VTgGsQ&_nc_ht=scontent.flim1-2.fna&oh=7c8bb4f7e5a711be354adac2ea464028&oe=5E87C6C5|https://mbasic.facebook.com/events/443899929859285
Black Parade - Tributo My Chemical Romance|Balc√≥n de Caman√°|Jiron Caman√° 969, Lima 01 Lima||||Jueves, 19  de  diciembre  de  2019  - 21:00 ||Jueves, 19  de  diciembre  de  2019  - 5:00 |||La Casona de Caman√°|102|836|33|https://scontent.flim1-1.fna.fbcdn.net/v/t1.0-0/cp0/e15/q65/c25.0.679.380a/s320x320/76937232_1480088452141406_4803729863250804736_n.jpg?_nc_cat=104&efg=eyJpIjoiYiJ9&_nc_ohc=BwNPxV6Kv8cAQl90q3KIX9I5rJFGY_Wk7Ewsb-McZ4uKPk4iR1x-r7n8w&_nc_ht=scontent.flim1-1.fna&oh=8df37e313f6dc7967d2494c5db8360b6&oe=5E3DFBCD|https://mbasic.facebook.com/events/798276250634929
Libido en la Noche de Barranco|La Noche de Barranco - Lima|||||Viernes, 20 de diciembre de 2019  - 22:00 |||¬°Se acaba el a√±o y lo cerramos como se debe en la Noche de Barranco este viernes 20/12! ¬°Ser√° un concierto intenso para darle paso a un 2020 m√°s intenso a√∫n! ¬°Te esperamos para celebrar juntos!, , Entradas a las venta en Joinnus: ||Libido|119|598|25|https://scontent.flim1-2.fna.fbcdn.net/v/t1.0-0/cp0/e15/q65/c0.11.319.179a/p200x200/78499142_10157962595394680_3954361537430290432_n.jpg?_nc_cat=109&efg=eyJpIjoiYiJ9&_nc_ohc=ArocQfeGSAQAQmHuHS4D2z4ej-9o_ETEJkJnrhF1Jco4NTi5Orz80CO3g&_nc_ht=scontent.flim1-2.fna&oh=ae30ab8daf56f55cd163903dd8490b7d&oe=5E3E5F48|https://mbasic.facebook.com/events/442196599799491
Rango Fest 2019: Plug Plug celebrando el 10¬∞ Aniv del Equinomoda|Centro de Convenciones Festiva|Av. Alfonso Ugarte 1439, 15001 Lima||||Viernes, 20  de  diciembre  de  2019  - 21:00 ||Viernes, 20  de  diciembre  de  2019  - 1:00 |||Rango Music|532|1.2¬†mil|36|https://scontent.flim1-1.fna.fbcdn.net/v/t1.0-0/cp0/e15/q65/c56.0.1810.1012a/s320x320/74707192_1175105006018344_6247653539808542720_o.jpg?_nc_cat=106&efg=eyJpIjoiYiJ9&_nc_ohc=3z6AGTIpUQgAQmEa7-r4LIH_Bv1MHNo9CBOjO0TWlTk65nM07eFJssHrg&_nc_ht=scontent.flim1-1.fna&oh=c46c7a4a1a2fd8e93debc2c1a5cd4ef1&oe=5E7B5EC1|https://mbasic.facebook.com/events/2830559643667242
Noche Patronal con De Jora Tonight|Balc√≥n de Caman√°|Jiron Caman√° 969, Lima 01 Lima||||Viernes, 20  de  diciembre  de  2019  - 21:00 ||Viernes, 20  de  diciembre  de  2019  - 5:00 |||Balc√≥n de Caman√°|42|597|17|https://scontent.flim1-2.fna.fbcdn.net/v/t1.0-0/cp0/e15/q65/c23.0.685.383a/s320x320/74886471_2562012527246579_4801370431556681728_n.jpg?_nc_cat=111&efg=eyJpIjoiYiJ9&_nc_ohc=OwslTD5jMbAAQnxUX4BcQqek8EmIHFTxAdgVGvcFUs5U1FQzKOnBS4E4Q&_nc_ht=scontent.flim1-2.fna&oh=10c3c08d0431ed9afbb5751f778ead3c&oe=5E89A63D|https://mbasic.facebook.com/events/2473506942914526
¬°Tres chelas por navidad! @CasaSola #Jes√∫sMar√≠a|Jir√≥n Huiracocha 2281, 15072 Jes√∫s Mar√≠a, Per√∫|||||21 de dic., 14:00 || 22 de dic., 2:00|||Tirando Dedo|113|588|18|https://scontent.flim1-2.fna.fbcdn.net/v/t1.0-0/cp0/e15/q65/c0.2.960.537a/s320x320/78876438_2628936577187574_1129478391989272576_n.jpg?_nc_cat=108&efg=eyJpIjoiYiJ9&_nc_ohc=ZIQARQW66xcAQnsbfn_4RJGq1u4Jt0nNdJXiC7ezkIL-L9c6eNvT48ULQ&_nc_ht=scontent.flim1-2.fna&oh=3125385308c5d0a517cab2b519b9fa01&oe=5E8A4554|https://mbasic.facebook.com/events/662078614614309
Fred Aching & Friends Jam - Viernes 20 de Diciembre|Lima Rock Club|Pasaje Olaya 166, Lima 01 Lima||||Viernes, 20  de  diciembre  de  2019  - 20:00 ||Viernes, 20  de  diciembre  de  2019  - 23:30 |||Fred Aching Drums|15|15|0|https://scontent.flim1-1.fna.fbcdn.net/v/t1.0-0/cp0/e15/q65/c0.226.1080.604a/s320x320/79092564_2833654026678787_2221625838774779904_o.jpg?_nc_cat=100&efg=eyJpIjoiYiJ9&_nc_ohc=c-cUMFle2t4AQl_l_8JjLRDdCQTD2t32nVVOAHCRrhN2WnkLvAqSdSWuA&_nc_ht=scontent.flim1-1.fna&oh=a120b496740ccc008682f6530a4eb127&oe=5E74C4D5|https://mbasic.facebook.com/events/2410226225755128
Santa Navirap 7 ‚úÆ2019‚úÆ|Ciudad Satelite Santa Rosa|||||14 de dic., 10:00 || 15 de dic., 23:00|Ôº¶ÔΩÖÔΩìÔΩîÔΩâÔΩñÔΩÅÔΩå„ÄÄÔº¢ÔΩÖÔΩé√©ÔΩÜÔΩâÔΩÉÔΩè„ÄÄ, ÔΩÑÔΩÖ„ÄÄÔº°ÔΩíÔΩîÔΩÖ„ÄÄÔºµÔΩíÔΩÇÔΩÅÔΩéÔΩè, ,  , , ENTRADA: Juguete Ôºä Abrigo Ôºä Libro , , , m√°s de 50 artistas se unen para esta noble causa a beneficio de los ni√±os de Apur√≠mac , , ÔºëÔºî„ÄÄÔºä„ÄÄÔºëÔºï, Ôº§Ôº©Ôº£Ôº©Ôº•Ôº≠Ôº¢Ôº≤Ôº•„ÄÄ, ÔºëÔºíÔº∞Ôº≠, Ôº¨Ôº°„ÄÄÔº¢ÔºØÔº≠Ôº¢ÔºØÔºÆÔº•Ôº≤Ôº°, Ôº£Ôº©ÔºµÔº§Ôº°Ôº§„ÄÄÔº≥Ôº°Ôº¥√âÔº¨Ôº©Ôº¥Ôº•„ÄÄ, Ôº≥Ôº°ÔºÆÔº¥Ôº°„ÄÄÔº≤ÔºØÔº≥Ôº°„ÄÄÔºç„ÄÄÔº£Ôº°Ôº¨Ôº¨Ôº°ÔºØ, , ‚úÆ S√°b 14 & Dom 15 Diciembre 2019, ,Ciudad Sat√©lite Santa Rosa , , , , ARTE ‚úÆ MURALES  ‚úÆ  CONCIERTO ‚úÆ FERIA ‚úÆ TALLERES ‚úÆ EXPO FOTOGR√ÅFICA ‚úÆ FIESTA, , Informaci√≥n  santaculturainfo@gmail.com, contacto whatsApp 980473915 -  llamadas 923166576|||486|900|41|https://scontent.flim1-2.fna.fbcdn.net/v/t1.0-0/cp0/e15/q65/c0.4.1920.1074a/s320x320/76759918_2126389727462037_4573633943919656960_o.jpg?_nc_cat=102&efg=eyJpIjoiYiJ9&_nc_ohc=TeiqKhCcVx0AQmO2pF3e_CVNc1_reO5dmq9OBp6j2jZv2ZSvCFRPI-ufQ&_nc_ht=scontent.flim1-2.fna&oh=fa0686f55dced2a838ade008bcb8f7fb&oe=5E6DCE52|https://mbasic.facebook.com/events/252461965443730
Shawn Mendes en Lima (Evento Oficial)|Eventos Jockey Club del Per√∫|Av. El Derby s/n. Puerta N¬∞ 3 Hip√≥dromo de Monterrico, 33 Lima||||S√°bado, 14  de  diciembre  de  2019  - 21:00 ||S√°bado, 14  de  diciembre  de  2019  - 23:00 |"Este a√±o, Shawn Mendes,  uno de los rostros pop del  momento, realizar√° la gira m√°s importante de su carrera. Se trata de un tour mundial  que incluye Europa, Reino Unido, Norte Am√©rica y Australia. Hoy, el int√©rprete de ‚ÄòThere‚Äôs nothing holdin me back‚Äô y nominado al GRAMMY, sum√≥ a su ya anunciada gira el tramo por Latinoam√©rica, el cual pasar√° por Per√∫.  As√≠ lo dio a conocer la conocida productora Move Concerts, quienes tambi√©n realizaron los memorables shows de Ed Sheeran, Justin Bieber, Katy Perry, 5 Seconds of Summer y R5., , Dominando todas las listas de √©xitos, Shawn Mendes sabe lo que es triunfar a nivel mundial. Despu√©s de un a√±o incre√≠ble, el rompecorazones canadiense confirma que sigue en la cresta de la ola con el anuncio de ""Shawn Mendes: The Tour"", que arranca el 7 de marzo en Europa y se extender√° hasta fines de a√±o con m√°s de 70 fechas que incluyen a pa√≠ses de Am√©rica Latina como M√©xico, Argentina, Brasil, Chile y Per√∫., , El cantante y compositor multiplatino nacido en Toronto, nominado al GRAMMY Shawn Mendes, lanz√≥ su esperado tercer √°lbum hom√≥nimo el a√±o pasado. El disco debut√≥ en el puesto n√∫mero 1 en la lista Billboard 200, as√≠ como en varios mercados mundiales adicionales, entre ellos Australia, Canad√°. M√©xico, B√©lgica, Holanda y m√°s. El √°lbum se convirti√≥ en uno de los estrenos m√°s vendidos de 2018 y convirti√≥ a Shawn en el tercer artista en solitario m√°s joven en tener tres √°lbumes # 1 consecutivos. A fines de 2018, Shawn fue nominado en dos categor√≠as para los 61 premios GRAMMY¬Æ , que incluyen ""Canci√≥n del a√±o"" por ""In My Blood"" y ""Mejor √°lbum pop vocal"" por Shawn Mendes. , , En su carrera, Shawn ha vendido m√°s de 15 millones de √°lbumes, 100 millones de singles, y ha acumulado m√°s de 20 mil millones de canciones y 5 mil millones de visitas en YouTube. El joven m√∫sico ha completado dos giras mundiales agotadas con m√°s de un mill√≥n de entradas vendidas en  estadios legendarios como el Madison Square Garden de la Ciudad de Nueva York y el O2 Arena de Londres en minutos. En febrero de 2018, ROI Influencer Media reconoci√≥ a Shawn como el artista n√∫mero 1 m√°s influyente y el adolescente n√∫mero 1 m√°s influyente en todas las plataformas de redes sociales., , ..., , Shawn Mendes en Lima, 14 de Diciembre, , Jockey Club, , El √≠dolo Pop que estabas esperando, por fin en Lima:, Shawn Mendes este 14 de Diciembre, , Es una experiencia Move Concerts"||Move Concerts Per√∫|12¬†mil|33¬†mil|2.3¬†mil|https://scontent.flim1-1.fna.fbcdn.net/v/t1.0-0/cp0/e15/q65/c58.0.1802.1010a/s320x320/74610074_3222053471202843_2776652041391439872_o.jpg?_nc_cat=104&efg=eyJpIjoiYiJ9&_nc_ohc=qiRdajqiWi4AQksKmnCofMh6KgEXO6iGFoctbT9Eq4rTOEMhivPfmzYBQ&_nc_ht=scontent.flim1-1.fna&oh=089cfb164dffd2466f6a21264c9953d2&oe=5E7C95B0|https://mbasic.facebook.com/events/521024585046946
Aniversario La Raza Reggae|Balc√≥n de Caman√°|Jiron Caman√° 969, Lima 01 Lima||||S√°bado, 14  de  diciembre  de  2019  - 21:00 ||S√°bado, 14  de  diciembre  de  2019  - 5:00 |||La Casona de Caman√°|250|1.2¬†mil|119|https://scontent.flim1-2.fna.fbcdn.net/v/t1.0-0/cp0/e15/q65/c21.0.688.385a/s320x320/78209149_1486335228183395_3575263985601085440_n.jpg?_nc_cat=109&efg=eyJpIjoiYiJ9&_nc_ohc=nkl79yDoqPkAQkdmg10UCnYX3Up1AJW3vVL3sZnOPZs5o4eekKHs3kJlg&_nc_ht=scontent.flim1-2.fna&oh=bdec603233e86194f767bab3cc8f63f0&oe=5E83B782|https://mbasic.facebook.com/events/1133648713508410
Natfest, El1er ExpoFest de la m√∫sica y las Artes en Navidad.|Domos Art|Costa Verde San Miguel, 51 Lima||||S√°bado, 14  de  diciembre  de  2019  - 11:00 ||S√°bado, 14  de  diciembre  de  2019  - 22:00 ||||107|625|77||https://mbasic.facebook.com/events/579317512822234
Tributo Avril Lavigne y Pretty Reckless|La Casona de Caman√°|Jiron Caman√° 975 La Casona de Caman√°, lima 1 Lima||||S√°bado, 14  de  diciembre  de  2019  - 21:00 ||S√°bado, 14  de  diciembre  de  2019  - 5:00 |||La Casona de Caman√°|168|1.2¬†mil|76|https://scontent.flim1-2.fna.fbcdn.net/v/t1.0-0/cp0/e15/q65/c25.0.679.380a/s320x320/76756869_1486842354799349_770744340967325696_n.jpg?_nc_cat=111&efg=eyJpIjoiYiJ9&_nc_ohc=arjtvCRdmYUAQlGtlzFF2NFWoC0tWvdpVUR-Wv-lhWNDpW5w5el_YtFDQ&_nc_ht=scontent.flim1-2.fna&oh=aacc1bca1eed88a44892dd81b31707da&oe=5E69898B|https://mbasic.facebook.com/events/569026993908816
AEROPAJITAS Celebra 25 A√±os En El Vichama Bar !|Vichama Rock Bar|||||Viernes, 13  de  diciembre  de  2019  - 22:00 ||Viernes, 13  de  diciembre  de  2019  - 5:00 |||AEROPAJITAS||||https://scontent.flim1-2.fna.fbcdn.net/v/t1.0-0/cp0/e15/q65/c0.0.2048.1146a/s320x320/78302072_10163226723195713_1826473724962930688_o.jpg?_nc_cat=108&efg=eyJpIjoiYiJ9&_nc_ohc=_22zmuIwa-kAQkXGrPMTs4umrWcy91bzYpyH4yPWm34_RV2vwmeNWcNxg&_nc_ht=scontent.flim1-2.fna&oh=573dcaf7ab1bb94c0a47b76c72282f23&oe=5E75D6D4|https://mbasic.facebook.com/events/2483946015223393
Invasi√≥n Espa√±ola // Lennon Smith La Banda|Cerati Rock Bar|Av. Separadora Industrial y Av. Los Frutales, Lima La Molina, Lima, Peru||||S√°bado, 14  de  diciembre  de  2019  - 20:00 ||S√°bado, 14  de  diciembre  de  2019  - 5:00 |EVENTO: INVASI√ìN ESPA√ëOLA, EN ESCENA: LENNON SMITH LA BANDA, , Mayor informaci√≥n al Whatsapp: 957 744 212, , * Celebraci√≥n de cumplea√±os previo registro al Whatsapp (Incluye premios y entradas gratis)., * Ingreso gratis en lista hasta medianoche previo registro al Whatsapp., , Contamos con: Estacionamiento externo, ambientes confortables y una amplia barra para tu mejor atenci√≥n., , Youtube: , , , Cerati Rock Bar: Av. Separadora Industrial y Av. Los Frutales. La Molina.||Cerati Rock Bar|3|11|0|https://scontent.flim1-1.fna.fbcdn.net/v/t1.0-0/cp0/e15/q65/c32.0.1351.756a/s320x320/78968824_2744352438948141_977312957731962880_o.jpg?_nc_cat=105&efg=eyJpIjoiYiJ9&_nc_ohc=twZUIgLAtNAAQnYUXcRPzkqVrb5jfJaVM_YMNqD6wo23yTJuwUmdGjpBg&_nc_ht=scontent.flim1-1.fna&oh=d12f6d938fd98407b83e5b5f40397c8a&oe=5E6FB476|https://mbasic.facebook.com/events/541740473333762
Casona 6to Aniversario - Noche de Cumbia|La Casona de Caman√°|Jiron Caman√° 975 La Casona de Caman√°, lima 1 Lima||||Viernes, 13  de  diciembre  de  2019  - 21:00 ||Viernes, 13  de  diciembre  de  2019  - 5:00 |||La Casona de Caman√°|31|293|7|https://scontent.flim1-2.fna.fbcdn.net/v/t1.0-0/cp0/e15/q65/c25.0.679.380a/s320x320/77039075_1486827144800870_502658929096916992_n.jpg?_nc_cat=111&efg=eyJpIjoiYiJ9&_nc_ohc=OhKlxv6b9hgAQlOGzuJ1_Kp19dc_NYnn8clKeywLOJwRKQIY5gFbWAwfA&_nc_ht=scontent.flim1-2.fna&oh=ca8332f0c6b1c5340f9b28b6957c61c0&oe=5E7E6026|https://mbasic.facebook.com/events/771003290062830
Especial Erasure & Pet Shop Boys // Banda Orbital|Cerati Rock Bar|Av. Separadora Industrial y Av. Los Frutales, Lima La Molina, Lima, Peru||||Viernes, 13  de  diciembre  de  2019  - 20:00 ||Viernes, 13  de  diciembre  de  2019  - 5:00 |EVENTO: ESPECIAL ERASURE & PET SHOP BOYS, EN ESCENA: BANDA ORBITAL, , Mayor informaci√≥n al Whatsapp: 957 744 212, , * Celebraci√≥n de cumplea√±os previo registro al Whatsapp (Incluye premios y entradas gratis)., * Ingreso gratis en lista hasta medianoche previo registro al Whatsapp., , Contamos con: Estacionamiento externo, ambientes confortables y una amplia barra para tu mejor atenci√≥n., , Youtube: , , , Cerati Rock Bar: Av. Separadora Industrial y Av. Los Frutales. La Molina.||Cerati Rock Bar|5|18|1|https://scontent.flim1-1.fna.fbcdn.net/v/t1.0-0/cp0/e15/q65/c75.0.1898.1064a/s320x320/73352243_2744349725615079_1915929381113430016_o.jpg?_nc_cat=106&efg=eyJpIjoiYiJ9&_nc_ohc=k-r56XKWsPkAQlnKz4eyXX2K1kbSjSTAfIA12SNA2bbia4ccI1I_MX1pg&_nc_ht=scontent.flim1-1.fna&oh=70abccd3a83d8c521b030676843b08a7&oe=5E677E9A|https://mbasic.facebook.com/events/537935743719658
De La Nada - Unico Show|Oficina Bar - Jr. Carabaya 815, Cercado de Lima|||||Viernes, 13  de  diciembre  de  2019  - 21:00 ||Viernes, 13  de  diciembre  de  2019  - 3:00 |De la nada nuestro batero estar√° en lima y nos juntaremos en la oficina este 13 de diciembre, aprovecha la preventa a 10 lukitas compr√°ndola v√≠a joinnus., , ENTRADAS: , , LINE UP, , , , (√önico show), , , , , (presentando un adelanto de su disco), , , , , , , , , , , (40 Gramos), , , , , Te esperamos, no faltes y s√© parte de esta noche inolvidable. , , |||256|559|36|https://scontent.flim1-2.fna.fbcdn.net/v/t1.0-0/cp0/e15/q65/c0.29.2000.1119a/s320x320/76968017_2872996129377336_3955768783464824832_o.jpg?_nc_cat=111&efg=eyJpIjoiYiJ9&_nc_ohc=_XLbhWHajY0AQkaPYfkwzFgnWQ1sdkoewFRI4nKlOJldRVG6TCfNqaijg&_nc_ht=scontent.flim1-2.fna&oh=988c897423f85c48352975cd2b332816&oe=5E721DEE|https://mbasic.facebook.com/events/393526074865263
Noche De Kulipandeo // Dom 08 Diciembre @vizioclub|Charlie Lounge|Av. Arica 352, LIMA 15 Chosica, Lima, Peru||||2019-12-08 17:35:25.075452 - 20:00 ||2019-12-08 17:35:25.075452 - 5:00 |Volvemos y est√° vez un ùóñùó¢ùó•ùóñùóõùó¢ ùóüùóúùóïùó•ùóò para toda la gente que le gusta beber y perrear, para todos aquellos que toman hasta mas no poder., , Abriremos las puertas de vizio club a partir de las 8 PM , Trae tus propios tragos (SIN INSUMOS), , EN CABINA: , DANIEL REYES B2B DJ MONKEY, , ,., ,., ,., ||DJ MONKEY|63|71|15|https://scontent.flim1-2.fna.fbcdn.net/v/t1.0-0/cp0/e15/q65/c39.0.1121.628a/s320x320/78686502_609813776254151_7874096146577096704_o.jpg?_nc_cat=108&efg=eyJpIjoiYiJ9&_nc_ohc=bfzVB-fhGdMAQkEbRRno-IJUojvhvEn2r_1455E-zZboli5O2Ls4Gt9jg&_nc_ht=scontent.flim1-2.fna&oh=42f8369d1f944b1a8dbde83b52bb8693&oe=5E6AA33A|https://mbasic.facebook.com/events/563557064208085
Taller de Canto para ni√±os|Patronato del Centro de la Amistad Peruano China|Av .De La Peruanidad cruce con Jr Los Mogaburos, Jes√∫s Maria||||2019-12-08 17:35:29.121211 - 18:00 ||2019-12-08 17:35:29.121211 - 19:00 |||||||https://scontent.flim1-1.fna.fbcdn.net/v/t1.0-0/cp0/e15/q65/c0.99.940.526a/s320x320/71894991_2293986037531910_1592108075563614208_n.jpg?_nc_cat=101&efg=eyJpIjoiYiJ9&_nc_ohc=WUxdJlUzjawAQlUeXAuMlvWzabku90mIR8ON_pYC_T17v6aYmYRljLwSg&_nc_ht=scontent.flim1-1.fna&oh=2aeae83ffa387b401b36c0c6a8ddc1b1&oe=5E777D43|https://mbasic.facebook.com/events/440943853205400/?event_time_id=440943899872062
Orq. N¬¥samble // Domingo 08 Dic.|Holiday Discoteca|Calle Calca 187 Ate Vitarte, 01 Ate, Lima, Peru||||2019-12-08 17:35:33.404476 - 20:00 ||2019-12-08 17:35:33.404476 - 5:00 |||Holiday Discoteca|20|134|5|https://scontent.flim1-2.fna.fbcdn.net/v/t1.0-0/cp0/e15/q65/c71.0.1748.980a/s320x320/77104277_2722650051132168_497620674760671232_o.jpg?_nc_cat=102&efg=eyJpIjoiYiJ9&_nc_ohc=vauxHMveOHcAQksXKUb1urpOJdIdc2mLi5DM82gNCflcvdjV3jS8MJGNg&_nc_ht=scontent.flim1-2.fna&oh=ab7d587c5753bb95791ebc87411e1305&oe=5E875680|https://mbasic.facebook.com/events/2694379343985067
Campa√±a Navide√±a 2019|Boys Toys|||||2019-12-08 17:35:36.208781 - 20:00 ||2019-12-08 17:35:36.208781 - 23:00 |||||||https://scontent.flim1-1.fna.fbcdn.net/v/t1.0-0/cp0/e15/q65/c144.0.563.315a/s320x320/71920563_126081218793361_8862037658013007872_n.jpg?_nc_cat=106&efg=eyJpIjoiYiJ9&_nc_ohc=yIqIsYAYGdAAQkgurSODqf43krwK0PQ4zvf1shU3GTNFTm9DP6B24WQ1A&_nc_ht=scontent.flim1-1.fna&oh=154772b5792308fdb92d715199c8cb89&oe=5E6B581B|https://mbasic.facebook.com/events/454646715145724/?event_time_id=454646855145710
HABLA BAR JAZZ JAM|Selina|Calle Alcanfores 465, 15074 Lima||||2019-12-08 17:35:40.090064 - 20:00 ||2019-12-08 17:35:40.090064 - 22:30 |||||||https://scontent.flim1-1.fna.fbcdn.net/v/t1.0-0/cp0/e15/q65/c66.0.1914.1073a/s320x320/64400969_1332707630228210_6913664020931149824_o.jpg?_nc_cat=104&efg=eyJpIjoiYiJ9&_nc_ohc=x30ISc9rPGAAQlU3Le-ybgWWwq8d-qiHkPhL7be_gmDRQT885oVNloFDA&_nc_ht=scontent.flim1-1.fna&oh=a7a256379d005e908afb506e8832200d&oe=5E7CD840|https://mbasic.facebook.com/events/1247316628770094/?event_time_id=1247316712103419
PRE ORDEN ‚Äî <Cl√© : Levanter> Limited ver.|STAY Store|Campo de Marte, 15072 Lima||||2019-12-08 17:35:44.155593 - 10:00 ||2019-12-08 17:35:44.155593 - 23:00 |"STAY aqu√≠ nuevamente con la Pre-Orden ahora del nuevo mini √°lbum de , | , ver. Limited , , , Contenido:, ‚Ü≥ Tama√±o: 180*255mm, ‚Ü≥ PHOTOBOOK : 1Tipo + Cover (Edici√≥n limitada solamente) (P√°gina especial Aleatoria 1p de 8p La imagen de las versiones de Edici√≥n Normal es la misma), ‚Ü≥ CD-R : 1 Tipo , ‚Ü≥ QR PHOTOCARD : Random 3p out of 40p (La imagen de las versiones de la Edici√≥n Normal es la misma.),  , ‚ú¶Limited Edition PRE-ORDER BENEFIT (en el paquete), ‚Ü≥ LENTICULAR PHOTOCARD: Random 1p out of 8p , ‚Ü≥ UNIT MINI POSTER : Random 1p out of 3p, , ‚ú¶BENEFICIOS DE PRE-ORDER (La imagen de las versiones de la Edici√≥n Normal es la misma.), ‚Ü≥ CALENDAR POSTER : 1p, ‚Ü≥ BOOKMARK : Random 1p out of 3p, ‚Ü≥ POSTER : Random 1p out of 3p  (Solo para la primera impresi√≥n), , ,PRECIOS: , ‚ú¶ENV√çO NORMAL: , ‚Üí S/. 80.00, , ,TIEMPO DE LLEGADA: (una vez cerrado el pedido), ‚ú¶ENV√çO NORMAL: 5 semanas aprox. (entregas a partir de esta fecha) , , , FECHA L√çMITE DE PAGOS:, ‚ú¶ENV√çO NORMAL: , PAGO COMPLETO o en dos partes:, ‚Ü≥ PRIMERA PARTE (S/.40.00) ‚Üí  Hasta el 09 de Diciembre., ‚Ü≥ SEGUNDA PARTE (S/.40.00) ‚Üí Cuando lleguen los discos a Lima., , ,„ÄêENV√çOS PARA PROVINCIA„Äë, ‚Üí Costo adicional, enviar un mensaje a la p√°gina!, , ,¬øC√≥mo realizo el deposito?, Puedes realizarlo a la siguiente cuenta INTERBANK., , , LIMA Y PROVINCIA:, , , SOLO AGENTE INTERBANK:, N√∫mero: 346-3114135280 , Nombre: MAYTEE RIMACHI ALVAREZ, Para transferencias:, ‚óá CCI: 003-346-013114135280-40, , ,¬øQu√© hago una vez haya realizado el dep√≥sito?, , Enviar un correo al siguiente e-mail: , staystoreperu@naver.com, , ASUNTO: PRE-ORDEN <Cl√© : LEVANTER> LIMITED, , , El correo debe contener lo siguiente:, + Nombres y Apellidos Completos:, + N¬∞ DNI: , + Tipo de Env√≠o: NORMAL, + Cantidad:, + Provincia/Distrito:, + Direcci√≥n exacta: (SOLO RELLENAR ENVIO A PROVINCIA), + N√∫mero de Whatsapp: (ser√°s agregado a un chat grupal), + Perfil de Facebook: (En caso de no poder contactarlo), + Env√≠o grupal o individual: (RELLENAR SOLO PROVINCIA), + Foto del Voucher: (clara y visible con su nombre completo escrito con lapicero o plum√≥n en este) , , ,DEBE ESTAR ESCRITO OBLIGATORIAMENTE EN SU VOUCHER SU NOMBRE COMPLETO, DE NO SER AS√ç NO SE CONTAR√Å EL PEDIDO., ,PARA LAS TRANSFERENCIAS ENVIAR√ÅN LA CONSTANCIA DE TRANSFERENCIA Y DEBER√ÅN COLOCARLE SU NOMBRE CON ALGUNA APP DE EDICI√ìN PARA CONTAR SU PEDIDO., ,STAYs de PROVINCIA deber√°n depositar mediante INTERBANK para que no cobre un saldo adicional., , ,¬øCU√ÅNDO Y D√ìNDE ME ENTREGAR√çAN MI DISCO?, LIMA: Se les avisar√° en que reuni√≥n se va hacer la entrega de los respectivos discos, esta informaci√≥n se podr√≠a actualizar., PROVINCIA: Se coordinar√° con las personas por interno apenas se tengan los discos., , ,En caso de que no se env√≠e al correo el voucher con su nombre escrito o no se de la informaci√≥n solicitada, el pedido no se realizar√°., ,El pago y los vouchers deben ser enviados hasta la fecha l√≠mite, pasado esta fecha no se tomar√° en cuenta su pedido y no hay lugar a devoluciones., ,Dichos correos ser√°n respondidos para comprobar que su pedido ha sido realizado., , , Si tienen alguna duda o consulta no olviden de mandar un mensaje a la p√°gina ya que les responderemos r√°pidamente. , , Atte. STAY Store & Stray Kids Peru., "||STAY Store|43|238|3|https://scontent.flim1-2.fna.fbcdn.net/v/t1.0-0/cp0/e15/q65/c39.0.1121.628a/s320x320/71903436_438758876752804_2269370610792529920_o.jpg?_nc_cat=109&efg=eyJpIjoiYiJ9&_nc_ohc=yCrXjYPf8JIAQlQ10WTHzCl34_OKQqUFwT42jpRXG-SmvAekrlg8mB9iA&_nc_ht=scontent.flim1-2.fna&oh=4d6b0bb477bc6169a36bfab8754b2233&oe=5E8ABF0F|https://mbasic.facebook.com/events/2359909804322648
Manuelcha Prado, 50 A√±os|Gran Teatro Nacional|Av. Javier Prado Este 2225, Lima||||2019-12-08 17:35:48.646416 - 20:00 ||2019-12-08 17:35:48.646416 - 22:30 |||Manuelcha Prado||||https://scontent.flim1-2.fna.fbcdn.net/v/t1.0-0/cp0/e15/q65/c16.0.468.262a/s320x320/78547036_2670532169681062_4795361411532324864_n.jpg?_nc_cat=110&efg=eyJpIjoiYiJ9&_nc_ohc=WQvRWiC_v24AQlHoAvatsf1iucMuH0GlKnv3JtV0rBMyKQzTfHUGh8DPA&_nc_ht=scontent.flim1-2.fna&oh=7d73bd80f53694bf59c6873301680be7&oe=5E75D0E3|https://mbasic.facebook.com/events/521332045073974
Special: Shakira & Juanes|PIZZA ROCK Per√∫|Avenida Del  Ej√©rcito 695, Miraflores, 15074 Lima||||2019-12-08 17:35:51.636536 - 21:00 ||2019-12-08 17:35:51.636536 - 23:59 |||PIZZA ROCK Per√∫|0|1|0|https://scontent.flim1-1.fna.fbcdn.net/v/t1.0-0/cp0/e15/q65/c31.0.937.524a/s320x320/79688718_2482413832030130_9055142561621999616_o.jpg?_nc_cat=103&efg=eyJpIjoiYiJ9&_nc_ohc=gCa924lM5c4AQlhcNcy7SjnZrJaPRRLYUAiKo6btt5J0lJ9ORnTukUCvQ&_nc_ht=scontent.flim1-1.fna&oh=a5cf160fdb6a03a3d9f3b99967a2bba8&oe=5E771D0E|https://mbasic.facebook.com/events/2544732839137240
Ataque Techno PERU : Presenta la Hora Marciana|Muelle In|Jos√© de la Torre Ugarte 420 ‚Äì Comas, lima 7 Lima||||8 de dic., 5:30 || 9 de dic., 5:30|||Ataque Techno Peru|19|47|1|https://scontent.flim1-1.fna.fbcdn.net/v/t1.0-0/cp0/e15/q65/c48.0.626.350a/s320x320/78321934_2501285476661295_4945945576270200832_n.jpg?_nc_cat=101&efg=eyJpIjoiYiJ9&_nc_ohc=2Mt-ldaIZ1cAQlPrW4Hz4rUSguTpr3LANCA7cp_Izrv6Whoavf-TIsqZg&_nc_ht=scontent.flim1-1.fna&oh=1505c6380beb09c58c50c44da4add4fd&oe=5E718085|https://mbasic.facebook.com/events/997149133952875
DOMINGO DE BARRIO MILAN|Jr. Ayacucho Cuadra 9 Callao Mural De La Selecci√≥n|Callao||||8 de dic., 18:00 || 9 de dic., 21:00| Se Acab√≥ El Recreo Regresamos Totalmente Recargados , , , , , , La Gran , _HERNANDEZ Ft , D√°ndonos Un Show De Lujo, Cantando Sus Mejores , , // Seguido De Las Orquestas , , , , , , , , , , , , , , , , , , , , , , , ,Ayacucho cdra 9 cruze con Atahualpa - Barrio Mil√°n ||Barrio MILAN|30|23|1|https://scontent.flim1-2.fna.fbcdn.net/v/t1.0-0/cp0/e15/q65/c36.0.1208.677a/s320x320/72728257_132058541552877_7651804101218402304_o.jpg?_nc_cat=108&efg=eyJpIjoiYiJ9&_nc_ohc=pgyR3Zrop0UAQln0IQC_Ibk09Z5lbaUFzrS5eTFEjRGndNx6TT2FdY43Q&_nc_ht=scontent.flim1-2.fna&oh=6902d3a9394ba5d232230ab50f6ef9e0&oe=5E7BA770|https://mbasic.facebook.com/events/453319081998276
Invasi√≥n Espa√±ola // Lennon Smith La Banda|Cerati Rock Bar|Av. Separadora Industrial y Av. Los Frutales, Lima La Molina, Lima, Peru||||S√°bado, 14  de  diciembre  de  2019  - 20:00 ||S√°bado, 14  de  diciembre  de  2019  - 5:00 |EVENTO: INVASI√ìN ESPA√ëOLA, EN ESCENA: LENNON SMITH LA BANDA, , Mayor informaci√≥n al Whatsapp: 957 744 212, , * Celebraci√≥n de cumplea√±os previo registro al Whatsapp (Incluye premios y entradas gratis)., * Ingreso gratis en lista hasta medianoche previo registro al Whatsapp., , Contamos con: Estacionamiento externo, ambientes confortables y una amplia barra para tu mejor atenci√≥n., , Youtube: , , , Cerati Rock Bar: Av. Separadora Industrial y Av. Los Frutales. La Molina.||Cerati Rock Bar|3|11|0|https://scontent.flim1-1.fna.fbcdn.net/v/t1.0-0/cp0/e15/q65/c32.0.1351.756a/s320x320/78968824_2744352438948141_977312957731962880_o.jpg?_nc_cat=105&efg=eyJpIjoiYiJ9&_nc_ohc=twZUIgLAtNAAQnYUXcRPzkqVrb5jfJaVM_YMNqD6wo23yTJuwUmdGjpBg&_nc_ht=scontent.flim1-1.fna&oh=d12f6d938fd98407b83e5b5f40397c8a&oe=5E6FB476|https://mbasic.facebook.com/events/541740473333762
Primavera Febril|Los Tubos, UNMSM|UNMSM, Lima||||2019-12-08 17:36:04.521554 - 15:00 ||2019-12-08 17:36:04.521554 - 22:45 |[Primavera Febril], Esta primavera se ha visto marcada por las numerosas movilizaciones en busca de una vida m√°s justa en Latinoam√©rica, los pueblos se encuentran en un estado febril., Bajo esta consigna nace Primavera Febril, un evento cultural que busca la concienciaci√≥n de los estudiantes a trav√©s de la confraternizaci√≥n., En esta primera edici√≥n tenemos como invitados a:, , Procrastinaci√≥n 1 Yo 0, POOOW!, Ciudad P√°nico, Pounda & NoModico, Reptilianoz, DARCY, Futuro Primitivo, Marticorena, No muere , Brisas Verdes , Le Petit Mort, Sikuris, , , , ,  , , Tambi√©n habr√° feria, ricos panchos y Choripunk!, ¬øD√≥nde? En tubos (Espalda de la Facultad de Letras y Ciencias Humanas - UNMSM), ¬øHora? A partir de las 3:00pm, ¬øEntrada?....................Gratel, como te gusta! , Los esperamos , ||Centro Federado de Letras|93|342|12|https://scontent.flim1-1.fna.fbcdn.net/v/t1.0-0/cp0/e15/q65/c131.0.558.312a/s320x320/78547916_2617512105007551_131656660476231680_n.jpg?_nc_cat=105&efg=eyJpIjoiYiJ9&_nc_ohc=BtAgia4ZC8AAQniZifx1KbDh0-VZLcUzamlNjrMPsA5SDc-KC5PirHBaw&_nc_ht=scontent.flim1-1.fna&oh=1d9c98f07c5b051caaa8e765e01ac3cd&oe=5E6EB568|https://mbasic.facebook.com/events/611722399633371
Casona 6to Aniversario - Noche de Cumbia|La Casona de Caman√°|Jiron Caman√° 975 La Casona de Caman√°, lima 1 Lima||||Viernes, 13  de  diciembre  de  2019  - 21:00 ||Viernes, 13  de  diciembre  de  2019  - 5:00 |||La Casona de Caman√°|31|293|7|https://scontent.flim1-2.fna.fbcdn.net/v/t1.0-0/cp0/e15/q65/c25.0.679.380a/s320x320/77039075_1486827144800870_502658929096916992_n.jpg?_nc_cat=111&efg=eyJpIjoiYiJ9&_nc_ohc=OhKlxv6b9hgAQlOGzuJ1_Kp19dc_NYnn8clKeywLOJwRKQIY5gFbWAwfA&_nc_ht=scontent.flim1-2.fna&oh=ca8332f0c6b1c5340f9b28b6957c61c0&oe=5E7E6026|https://mbasic.facebook.com/events/771003290062830
Especial Erasure & Pet Shop Boys // Banda Orbital|Cerati Rock Bar|Av. Separadora Industrial y Av. Los Frutales, Lima La Molina, Lima, Peru||||Viernes, 13  de  diciembre  de  2019  - 20:00 ||Viernes, 13  de  diciembre  de  2019  - 5:00 |EVENTO: ESPECIAL ERASURE & PET SHOP BOYS, EN ESCENA: BANDA ORBITAL, , Mayor informaci√≥n al Whatsapp: 957 744 212, , * Celebraci√≥n de cumplea√±os previo registro al Whatsapp (Incluye premios y entradas gratis)., * Ingreso gratis en lista hasta medianoche previo registro al Whatsapp., , Contamos con: Estacionamiento externo, ambientes confortables y una amplia barra para tu mejor atenci√≥n., , Youtube: , , , Cerati Rock Bar: Av. Separadora Industrial y Av. Los Frutales. La Molina.||Cerati Rock Bar|5|18|1|https://scontent.flim1-1.fna.fbcdn.net/v/t1.0-0/cp0/e15/q65/c75.0.1898.1064a/s320x320/73352243_2744349725615079_1915929381113430016_o.jpg?_nc_cat=106&efg=eyJpIjoiYiJ9&_nc_ohc=k-r56XKWsPkAQlnKz4eyXX2K1kbSjSTAfIA12SNA2bbia4ccI1I_MX1pg&_nc_ht=scontent.flim1-1.fna&oh=70abccd3a83d8c521b030676843b08a7&oe=5E677E9A|https://mbasic.facebook.com/events/537935743719658
Rock Depresivo Antiest√©tico (pre show)|Clandestino|Jr. Pachitea 185, 15001 Lima||||2019-12-08 17:36:14.475077 - 16:00 ||2019-12-08 17:36:14.475077 - 20:00 |||Rock Frogs|186|834|27|https://scontent.flim1-2.fna.fbcdn.net/v/t1.0-0/cp0/e15/q65/c47.0.1405.786a/s320x320/79309416_3088645561164399_3814070231752507392_o.jpg?_nc_cat=102&efg=eyJpIjoiYiJ9&_nc_ohc=q7j9odkaD2EAQk_6YSEKzmRr9U_T3YA2uaNrsRjshvk1DvXUKqEl5bDGA&_nc_ht=scontent.flim1-2.fna&oh=0a8701cfdd7fe1d5892319c15352f2e7&oe=5E79909D|https://mbasic.facebook.com/events/3211971895541095
La Fiesta de Fin de Ciclo: La Mente en vivo|Sargento Pimienta de Barranco|Av. Bolognesi 757, Lima 04 Barranco, Lima, Peru||||Jueves, 12  de  diciembre  de  2019  - 22:00 ||Jueves, 12  de  diciembre  de  2019  - 4:00 |||Sargento Pimienta de Barranco|152|774|18|https://scontent.flim1-2.fna.fbcdn.net/v/t1.0-0/cp0/e15/q65/c66.0.1914.1072a/s320x320/78313721_2635746436460920_5768707249706893312_o.jpg?_nc_cat=109&efg=eyJpIjoiYiJ9&_nc_ohc=unaXuVvLmq4AQlKev2ktVLT8Bzvc2k1j3k1UaxKCIlsVAte2kJdJyHg_A&_nc_ht=scontent.flim1-2.fna&oh=023f0208585b21655a26f8b7922bccd7&oe=5E7097DC|https://mbasic.facebook.com/events/742969902888380
Bandas de Mi√©rcoles 40¬∞ Edici√≥n|Lima Rock Club|Pasaje Olaya 166, Lima 01 Lima||||2019-12-08 17:36:23.064594 - 20:00 ||2019-12-08 17:36:23.064594 - 2:00 |"En , queremos dar oportunidad a las bandas emergentes y por eso presentamos: , , En esta oportunidad nos acompa√±an:, , , || Blind, , || , , Apoya asistiendo al evento ¬°La pr√≥xima banda puede ser la tuya!, , Gracias a: Sala de ensayo , quienes estar√°n sorteando una hora de ensayo entre las bandas participantes para su sala en el Centro de Lima., , Ingreso Libre "||Lima Rock Club|12|67|7|https://scontent.flim1-2.fna.fbcdn.net/v/t1.0-0/cp0/e15/q65/c39.0.1204.674a/s320x320/78223381_696939140713577_3578211441267703808_o.jpg?_nc_cat=108&efg=eyJpIjoiYiJ9&_nc_ohc=pr_zwF3T9LMAQnC4FeyDogAO6DTBFn0V_HKg6r-JmTTuEhmmfFUUb0fhQ&_nc_ht=scontent.flim1-2.fna&oh=7258ca96ec31b72f0483f0961ed21927&oe=5E6CB854|https://mbasic.facebook.com/events/507476666645913
Sonidos de la Resistencia - Edici√≥n Especial|Lima Rock Club|Pasaje Olaya 166, Lima 01 Lima||||Viernes, 13  de  diciembre  de  2019  - 20:00 ||Viernes, 13  de  diciembre  de  2019  - 2:30 |Este viernes 13 de Diciembre , edici√≥n especial:, ,  Celebrando sus 25 a√±os y  ....., , , y Banda, , , , Entrada en Puerta : S/ 20 , √önete a la Resistencia!!!, Arte: ||LaNegra Producciones|203|599|31|https://scontent.flim1-1.fna.fbcdn.net/v/t1.0-0/cp0/e15/q65/c39.0.1204.674a/s320x320/75398171_2457749371148689_6216228947730890752_o.jpg?_nc_cat=104&efg=eyJpIjoiYiJ9&_nc_ohc=TvxPpqjNJBkAQnrdEM8DCSGi3J4gvIbzvVaNRDsrM7aLMoa0spYUHMCag&_nc_ht=scontent.flim1-1.fna&oh=67156573736fdd9d0d8fce09728db0ae&oe=5E70F668|https://mbasic.facebook.com/events/542275593230566
Para Olvidar Mis Notas|Lima Rock Club|Pasaje Olaya 166, Lima 01 Lima||||2019-12-08 17:36:29.959239 - 16:00 ||2019-12-08 17:36:29.959239 - 23:00 |Estamos armando este evento para, en nuestro caso, cerrar el a√±o y buscar olvidar que no pasaremos de ciclo , para ello tendremos a las siguientes bandas, , , , , , , , , , , , , , , , , , , , , Preventa 1 S/12.00 (Agotado), , Promoci√≥n 2 x S/20.00, , Preventa 2 S/17.00, , Puerta S/20.00, , 16:00 PM - 23:00 PM, , , - Pasaje Olaya 166 2do Piso, Lima (a media cuadra de la Plaza de Armas), , Entradas a la venta v√≠a Imbox o en , , , , , Tambi√©n puedes separar entrada haciendo el deposito y enviando el Voucher al WhatsApp +51 931 566 982 en las siguientes cuentas:, * Yape: 931566982, * BCP: 19194907279035, * BBVA: 0011-0814-0201287370, * Interbank: 374-3144465797, A nombre de Edward Jos√© Espinoza Valle||El Pogo Del Misio|111|563|22|https://scontent.flim1-2.fna.fbcdn.net/v/t1.0-0/cp0/e15/q65/c0.4.1920.1074a/s320x320/79180855_3106836726009475_4058423784648998912_o.jpg?_nc_cat=109&efg=eyJpIjoiYiJ9&_nc_ohc=BRx7GmSc2EYAQnpY_Zos8_2aawOkQb5RbaROZ_e9EZVXdgrk0pR0ci6ag&_nc_ht=scontent.flim1-2.fna&oh=02c2bacaf8ac8b6529f05a4a87453e01&oe=5E688077|https://mbasic.facebook.com/events/409158433330485
"Reuni√≥n | McBirthday Shinwon"|Campo de Marte|11 Lima||||2019-12-08 17:36:40.475674 - 15:30 ||2019-12-08 17:36:40.475674 - 18:00 |||||||https://scontent.flim1-1.fna.fbcdn.net/v/t1.0-0/cp0/e15/q65/c16.0.468.262a/s320x320/77280584_2441940686030713_772225069597327360_n.jpg?_nc_cat=101&efg=eyJpIjoiYiJ9&_nc_ohc=LFXsLc58TKAAQlyCIuKxHZiQyYRc7BSUR8ooduiqqRgYXXkZeXH0fH3KQ&_nc_ht=scontent.flim1-1.fna&oh=00bcc0a05ffc945c2d77f4fd88949686&oe=5E6800EB|https://mbasic.facebook.com/events/444619752909392/?event_time_id=444619756242725
Especial Erasure & Pet Shop Boys // Banda Orbital|Cerati Rock Bar|Av. Separadora Industrial y Av. Los Frutales, Lima La Molina, Lima, Peru||||Viernes, 13  de  diciembre  de  2019  - 20:00 ||Viernes, 13  de  diciembre  de  2019  - 5:00 |EVENTO: ESPECIAL ERASURE & PET SHOP BOYS, EN ESCENA: BANDA ORBITAL, , Mayor informaci√≥n al Whatsapp: 957 744 212, , * Celebraci√≥n de cumplea√±os previo registro al Whatsapp (Incluye premios y entradas gratis)., * Ingreso gratis en lista hasta medianoche previo registro al Whatsapp., , Contamos con: Estacionamiento externo, ambientes confortables y una amplia barra para tu mejor atenci√≥n., , Youtube: , , , Cerati Rock Bar: Av. Separadora Industrial y Av. Los Frutales. La Molina.||Cerati Rock Bar|5|18|1|https://scontent.flim1-1.fna.fbcdn.net/v/t1.0-0/cp0/e15/q65/c75.0.1898.1064a/s320x320/73352243_2744349725615079_1915929381113430016_o.jpg?_nc_cat=106&efg=eyJpIjoiYiJ9&_nc_ohc=k-r56XKWsPkAQlnKz4eyXX2K1kbSjSTAfIA12SNA2bbia4ccI1I_MX1pg&_nc_ht=scontent.flim1-1.fna&oh=70abccd3a83d8c521b030676843b08a7&oe=5E677E9A|https://mbasic.facebook.com/events/537935743719658
Festival Bizarro* Almirante Ackbar Reuni√≥n 2020|Jir√≥n Conde de Superunda 383, 15001 Lima, Per√∫|||||S√°bado, 1  de  febrero  de  2020  - 20:00 ||S√°bado, 1  de  febrero  de  2020  - 2:00 ||||250|520|14|https://scontent.flim1-1.fna.fbcdn.net/v/t1.0-0/cp0/e15/q65/c0.0.2048.1146a/s320x320/73342812_1168671783324934_7136072051881672704_o.jpg?_nc_cat=103&efg=eyJpIjoiYiJ9&_nc_ohc=O3BA5gQbvcMAQkLl42mun7lKh_Dcxmv2PLtraso4oiRRd1Xf37iaibnQw&_nc_ht=scontent.flim1-1.fna&oh=eb9b35f6305baaa8dc51da9038edd3fc&oe=5E885C50|https://mbasic.facebook.com/events/475075289785035
Rock Depresivo Antiest√©tico (pre show)|Clandestino|Jr. Pachitea 185, 15001 Lima||||2019-12-08 17:36:49.975574 - 16:00 ||2019-12-08 17:36:49.975574 - 20:00 |||Rock Frogs|186|834|27|https://scontent.flim1-2.fna.fbcdn.net/v/t1.0-0/cp0/e15/q65/c47.0.1405.786a/s320x320/79309416_3088645561164399_3814070231752507392_o.jpg?_nc_cat=102&efg=eyJpIjoiYiJ9&_nc_ohc=q7j9odkaD2EAQk_6YSEKzmRr9U_T3YA2uaNrsRjshvk1DvXUKqEl5bDGA&_nc_ht=scontent.flim1-2.fna&oh=0a8701cfdd7fe1d5892319c15352f2e7&oe=5E79909D|https://mbasic.facebook.com/events/3211971895541095
La Fiesta de Fin de Ciclo: La Mente en vivo|Sargento Pimienta de Barranco|Av. Bolognesi 757, Lima 04 Barranco, Lima, Peru||||Jueves, 12  de  diciembre  de  2019  - 22:00 ||Jueves, 12  de  diciembre  de  2019  - 4:00 |||Sargento Pimienta de Barranco|152|775|18|https://scontent.flim1-2.fna.fbcdn.net/v/t1.0-0/cp0/e15/q65/c66.0.1914.1072a/s320x320/78313721_2635746436460920_5768707249706893312_o.jpg?_nc_cat=109&efg=eyJpIjoiYiJ9&_nc_ohc=unaXuVvLmq4AQlKev2ktVLT8Bzvc2k1j3k1UaxKCIlsVAte2kJdJyHg_A&_nc_ht=scontent.flim1-2.fna&oh=023f0208585b21655a26f8b7922bccd7&oe=5E7097DC|https://mbasic.facebook.com/events/742969902888380
Bandas de Mi√©rcoles 40¬∞ Edici√≥n|Lima Rock Club|Pasaje Olaya 166, Lima 01 Lima||||2019-12-08 17:37:01.765164 - 20:00 ||2019-12-08 17:37:01.765164 - 2:00 |"En , queremos dar oportunidad a las bandas emergentes y por eso presentamos: , , En esta oportunidad nos acompa√±an:, , , || Blind, , || , , Apoya asistiendo al evento ¬°La pr√≥xima banda puede ser la tuya!, , Gracias a: Sala de ensayo , quienes estar√°n sorteando una hora de ensayo entre las bandas participantes para su sala en el Centro de Lima., , Ingreso Libre "||Lima Rock Club|12|67|7|https://scontent.flim1-2.fna.fbcdn.net/v/t1.0-0/cp0/e15/q65/c39.0.1204.674a/s320x320/78223381_696939140713577_3578211441267703808_o.jpg?_nc_cat=108&efg=eyJpIjoiYiJ9&_nc_ohc=pr_zwF3T9LMAQnC4FeyDogAO6DTBFn0V_HKg6r-JmTTuEhmmfFUUb0fhQ&_nc_ht=scontent.flim1-2.fna&oh=7258ca96ec31b72f0483f0961ed21927&oe=5E6CB854|https://mbasic.facebook.com/events/507476666645913
Sonidos de la Resistencia - Edici√≥n Especial|Lima Rock Club|Pasaje Olaya 166, Lima 01 Lima||||Viernes, 13  de  diciembre  de  2019  - 20:00 ||Viernes, 13  de  diciembre  de  2019  - 2:30 |Este viernes 13 de Diciembre , edici√≥n especial:, ,  Celebrando sus 25 a√±os y  ....., , , y Banda, , , , Entrada en Puerta : S/ 20 , √önete a la Resistencia!!!, Arte: ||LaNegra Producciones|203|599|31|https://scontent.flim1-1.fna.fbcdn.net/v/t1.0-0/cp0/e15/q65/c39.0.1204.674a/s320x320/75398171_2457749371148689_6216228947730890752_o.jpg?_nc_cat=104&efg=eyJpIjoiYiJ9&_nc_ohc=TvxPpqjNJBkAQnrdEM8DCSGi3J4gvIbzvVaNRDsrM7aLMoa0spYUHMCag&_nc_ht=scontent.flim1-1.fna&oh=67156573736fdd9d0d8fce09728db0ae&oe=5E70F668|https://mbasic.facebook.com/events/542275593230566
"Gracias Totales | Lima"|Estadio Nacional|Calle Jos√© D√≠az s/n, 15046 Lima||||Martes, 3  de  marzo  de  2020  - 21:00 ||Martes, 3  de  marzo  de  2020  - 23:30 |||Soda Stereo|3.5¬†mil|12¬†mil|724|https://scontent.flim1-2.fna.fbcdn.net/v/t1.0-0/cp0/e15/q65/c39.0.1121.628a/s320x320/78664077_3592246414149331_4418232827330428928_o.jpg?_nc_cat=109&efg=eyJpIjoiYiJ9&_nc_ohc=A3eGMlM3A1YAQlll2zGR9vBfAzeHfkRxO7AvF8jligA-D2mFdrFiDRaFA&_nc_ht=scontent.flim1-2.fna&oh=5a73c5088a70ebebec3840fda29dbdcf&oe=5E8CE1F7|https://mbasic.facebook.com/events/431242114477210
Para Olvidar Mis Notas|Lima Rock Club|Pasaje Olaya 166, Lima 01 Lima||||2019-12-08 17:37:14.574179 - 16:00 ||2019-12-08 17:37:14.574179 - 23:00 |Estamos armando este evento para, en nuestro caso, cerrar el a√±o y buscar olvidar que no pasaremos de ciclo , para ello tendremos a las siguientes bandas, , , , , , , , , , , , , , , , , , , , , Preventa 1 S/12.00 (Agotado), , Promoci√≥n 2 x S/20.00, , Preventa 2 S/17.00, , Puerta S/20.00, , 16:00 PM - 23:00 PM, , , - Pasaje Olaya 166 2do Piso, Lima (a media cuadra de la Plaza de Armas), , Entradas a la venta v√≠a Imbox o en , , , , , Tambi√©n puedes separar entrada haciendo el deposito y enviando el Voucher al WhatsApp +51 931 566 982 en las siguientes cuentas:, * Yape: 931566982, * BCP: 19194907279035, * BBVA: 0011-0814-0201287370, * Interbank: 374-3144465797, A nombre de Edward Jos√© Espinoza Valle||El Pogo Del Misio|111|563|22|https://scontent.flim1-2.fna.fbcdn.net/v/t1.0-0/cp0/e15/q65/c0.4.1920.1074a/s320x320/79180855_3106836726009475_4058423784648998912_o.jpg?_nc_cat=109&efg=eyJpIjoiYiJ9&_nc_ohc=BRx7GmSc2EYAQnpY_Zos8_2aawOkQb5RbaROZ_e9EZVXdgrk0pR0ci6ag&_nc_ht=scontent.flim1-2.fna&oh=02c2bacaf8ac8b6529f05a4a87453e01&oe=5E688077|https://mbasic.facebook.com/events/409158433330485
Fred Aching & Friends Jam - Viernes 20 de Diciembre|Lima Rock Club|Pasaje Olaya 166, Lima 01 Lima||||Viernes, 20  de  diciembre  de  2019  - 20:00 ||Viernes, 20  de  diciembre  de  2019  - 23:30 |||Fred Aching Drums|15|15|0|https://scontent.flim1-1.fna.fbcdn.net/v/t1.0-0/cp0/e15/q65/c0.226.1080.604a/s320x320/79092564_2833654026678787_2221625838774779904_o.jpg?_nc_cat=100&efg=eyJpIjoiYiJ9&_nc_ohc=c-cUMFle2t4AQl_l_8JjLRDdCQTD2t32nVVOAHCRrhN2WnkLvAqSdSWuA&_nc_ht=scontent.flim1-1.fna&oh=a120b496740ccc008682f6530a4eb127&oe=5E74C4D5|https://mbasic.facebook.com/events/2410226225755128
Concierto Doma2 Sesi√≥n Covers|Avenida V√≠ctor Castro Iglesias 199, 15801 San Juan de Miraflores, Per√∫|||||2019-12-08 17:37:19.763923 - 18:00 ||2019-12-08 17:37:19.763923 - 22:00 ||||22|8|2|https://scontent.flim1-1.fna.fbcdn.net/v/t1.0-0/cp0/e15/q65/c0.113.512.286a/s320x320/78953792_113346466804859_2122853861688344576_n.jpg?_nc_cat=103&efg=eyJpIjoiYiJ9&_nc_ohc=LfJDjxXWLT4AQm4zku8XHuksQuhW8B52RuSCNbiV2TEoiHycEvysIsDyQ&_nc_ht=scontent.flim1-1.fna&oh=64b1b4e893eef81e44deb709fbb8d11a&oe=5E3EEC83|https://mbasic.facebook.com/events/2159068167723393
PRE ORDEN‚îáCle: Levanter ver Standar|Campo de Marte|11 Lima||||2019-12-08 17:37:23.357621 - 16:00 ||2019-12-08 17:37:23.357621 - 23:00 |||Stray Kids Per√∫||||https://scontent.flim1-2.fna.fbcdn.net/v/t1.0-0/cp0/e15/q65/c31.0.897.502a/s320x320/77219703_1367393483421092_1187692855460626432_n.jpg?_nc_cat=102&efg=eyJpIjoiYiJ9&_nc_ohc=IX1Zyzscw0gAQnOmc9M0Muoo82fy3ruQYZrX-sx_qnD0WV_GnEA-O2ySg&_nc_ht=scontent.flim1-2.fna&oh=cc578081fb29a76323e849429ba3ea3f&oe=5E73B71D|https://mbasic.facebook.com/events/2267649983532947
Calato en Paya Casa|Paya Casa|||||2019-12-08 17:37:26.358657 - 20:30 ||2019-12-08 17:37:26.358657 - 22:00 |Queremos cerrar el a√±o jugando con y como los grandes., , Calato en Paya Casa este domingo 8 de Diciembre. Estaremos con nuestro delicioso repertorio, promocionando ‚ÄúSaliva de Perro‚Äù y presentando nuevos temas que vamos a rolear el pr√≥ximo a√±o. Hemos planeado con mucho amor este concierto, y tendremos una SORPRESA recontra bac√°n para aquellos que asistan. Invitados est√°n tatos., , Pre-venta s/. 20 (hasta el 6 de diciembre), Puerta s/. 25 , Entradas v√≠a Whatsapp 922216928 (Yape), Transferencia BCP: 193-38010509-0-53, CCI: 002-19313801050905319, Fecha y hora: Domingo 8 de diciembre 8:30pm, Av. Francisco Bolognesi 920 - Barranco, , CAPACIDAD LIMITADA, ||Calato|44|198|13|https://scontent.flim1-1.fna.fbcdn.net/v/t1.0-0/cp0/e15/q65/c0.13.1280.717a/s320x320/76897875_2533289806784436_7904061218573254656_o.jpg?_nc_cat=105&efg=eyJpIjoiYiJ9&_nc_ohc=6SFTUGqFLggAQnhmGOIxE8j6quS31s6Acgw9wPaqmR69ViYJTMFrMI7Mw&_nc_ht=scontent.flim1-1.fna&oh=da57319bdc8589bf0edf20259bd86bdb&oe=5E7A101C|https://mbasic.facebook.com/events/423434518549162
BDM Deluxe Per√∫|Plaza Arena|||||2019-12-08 17:37:30.431084 - 14:00 ||2019-12-08 17:37:30.431084 - 21:00 |Por primera vez, la competencia m√°s respetada a nivel mundial, llega a nuestro pa√≠s este 08 de diciembre., , Preventa especial (10 al 17 de octubre) en Teleticket , , , , BDM Deluxe re√∫ne a los mejores freestylers de cerca de 20 pa√≠ses para conocer al nuevo campe√≥n mundial del freestyle y adem√°s por primera vez  el nuevo formato ‚Äúpandillas 4 vs 4 mixto‚Äù donde las mejores pandillas de Argentina, Chile, Espa√±a y Per√∫ se enfrentar√°n por ser la mejor Pandilla del mundo , .||BDM Per√∫|1.1¬†mil|4.8¬†mil|145|https://scontent.flim1-1.fna.fbcdn.net/v/t1.0-0/cp0/e15/q65/c58.0.1802.1010a/s320x320/72554297_966061580414021_3964132837136793600_o.jpg?_nc_cat=103&efg=eyJpIjoiYiJ9&_nc_ohc=niKmjS_4TyAAQnNZ3OCueSdsExiBa7rvDUtKnlKEe-t9nCjIrFGue9gbw&_nc_ht=scontent.flim1-1.fna&oh=63add3d85394646b290b55df67db931f&oe=5E8BFACE|https://mbasic.facebook.com/events/2344256959157483
¬°Deyvis Orosco en Mall Aventura Santa Anita!|Mall Aventura|||||2019-12-08 17:37:34.749003 - 19:00 ||2019-12-08 17:37:34.749003 - 20:00 |"¬°Deyvis Orosco en ,! , , Te esperamos este domingo 08 de diciembre desde las 7pm para cantar y bailar juntos las mejores canciones del ""Bomboncito de la cumbia"". , Lugar: 1er nivel (frente a la Villa Navide√±a)., ¬°Esta Navidad ,! , INGRESO LIBRE."||Mall Aventura|665|4.1¬†mil|382|https://scontent.flim1-1.fna.fbcdn.net/v/t1.0-0/cp0/e15/q65/c38.0.1123.629a/s320x320/77350823_2157064911267963_4949943306059513856_o.jpg?_nc_cat=1&efg=eyJpIjoiYiJ9&_nc_ohc=OfCfZbiYuToAQk8B6-chj4T2rxWZY4pwXMZiiqzLNs0IGRC_x3IrAdCRQ&_nc_ht=scontent.flim1-1.fna&oh=35fa0d11997fddaf2f4743e0690b2976&oe=5E85A62C|https://mbasic.facebook.com/events/541044086529330
Pxndx vs My Chemical Romance|Big Brother - Karaoke - Bar|Jr. Huallaga 130 - Cercado de Lima, 13 Lima||||7 de dic., 5:00 || 8 de dic., 23:00|"√öltimo Tributo del a√±o, aprovechando el regreso de My chemical Romance, se viene este versus entre Pxndx y MCR ""Emos X Siempre"" el tributo a Pxndx estar√° a cargo de Alex Joffre y Punzocortante y el Tributo a MCR a cargo de @grooper Street, , Sin duda ser√° una de esos tributos que traer√°n mucha nostalgia, feeling total. , , El tributo iniciara temprano, con bandas locales con material propio, para que sea toda una experiencia vivida., , , S√°bado 8 7 Diciembre en El Otro Bar Jr. Huallaga 130 - Frente a la Plaza de Armas desde las 5pm , , Pre venta S/10 , Oferta 2x S/15 hasta el 20 de Nov , Puerta S/15 , , WhatsApp 927700852, , Todo por dep√≥sito como siempre + Bandas invitadas , "||Tributos Pxndx Per√∫ - Inicio|195|1.1¬†mil|52|https://scontent.flim1-2.fna.fbcdn.net/v/t1.0-0/cp0/e15/q65/c53.0.1335.748a/s320x320/75398155_2311640755813863_3792163824073703424_o.jpg?_nc_cat=107&efg=eyJpIjoiYiJ9&_nc_ohc=DoNSQoO7v4IAQn5wotCu_01GdPNsTF2dcH1fIow9UTlAaeIZN7BMymaxg&_nc_ht=scontent.flim1-2.fna&oh=4f223ca23b855f4560432d81d4d86d99&oe=5E76EB5F|https://mbasic.facebook.com/events/464148924204316
50 A√ëOS de ‚ÄúLet It Be‚Äù y ‚ÄúAbbey Road‚Äù Un d√≠a en la vida|Teatro Peruano Japon√©s|Av. Gregorio Escobedo 781, Lima||||2019-12-08 17:37:43.121847 - 20:00 ||2019-12-08 17:37:43.121847 - 22:30 |||||||https://scontent.flim1-1.fna.fbcdn.net/v/t1.0-0/cp0/e15/q65/c33.0.974.546a/s320x320/71688935_3597965856896061_5109846145375404032_o.jpg?_nc_cat=103&efg=eyJpIjoiYiJ9&_nc_ohc=DJLsOXwzJbgAQlCIvi_HTch6ODDgTqhXqzpZMC9nos4TuhmyffG65TUdQ&_nc_ht=scontent.flim1-1.fna&oh=1c42fbdf60095a8ace5e36dc3a91f321&oe=5E7EEF67|https://mbasic.facebook.com/events/381261206112264/?event_time_id=381261212778930
Rock Depresivo Antiest√©tico (pre show)|Clandestino|Jr. Pachitea 185, 15001 Lima||||2019-12-08 17:37:46.723396 - 16:00 ||2019-12-08 17:37:46.723396 - 20:00 |||Rock Frogs|186|834|27|https://scontent.flim1-2.fna.fbcdn.net/v/t1.0-0/cp0/e15/q65/c47.0.1405.786a/s320x320/79309416_3088645561164399_3814070231752507392_o.jpg?_nc_cat=102&efg=eyJpIjoiYiJ9&_nc_ohc=q7j9odkaD2EAQk_6YSEKzmRr9U_T3YA2uaNrsRjshvk1DvXUKqEl5bDGA&_nc_ht=scontent.flim1-2.fna&oh=0a8701cfdd7fe1d5892319c15352f2e7&oe=5E79909D|https://mbasic.facebook.com/events/3211971895541095
Para Olvidar Mis Notas|Lima Rock Club|Pasaje Olaya 166, Lima 01 Lima||||2019-12-08 17:37:51.606191 - 16:00 ||2019-12-08 17:37:51.606191 - 23:00 |Estamos armando este evento para, en nuestro caso, cerrar el a√±o y buscar olvidar que no pasaremos de ciclo , para ello tendremos a las siguientes bandas, , , , , , , , , , , , , , , , , , , , , Preventa 1 S/12.00 (Agotado), , Promoci√≥n 2 x S/20.00, , Preventa 2 S/17.00, , Puerta S/20.00, , 16:00 PM - 23:00 PM, , , - Pasaje Olaya 166 2do Piso, Lima (a media cuadra de la Plaza de Armas), , Entradas a la venta v√≠a Imbox o en , , , , , Tambi√©n puedes separar entrada haciendo el deposito y enviando el Voucher al WhatsApp +51 931 566 982 en las siguientes cuentas:, * Yape: 931566982, * BCP: 19194907279035, * BBVA: 0011-0814-0201287370, * Interbank: 374-3144465797, A nombre de Edward Jos√© Espinoza Valle||El Pogo Del Misio|111|563|22|https://scontent.flim1-2.fna.fbcdn.net/v/t1.0-0/cp0/e15/q65/c0.4.1920.1074a/s320x320/79180855_3106836726009475_4058423784648998912_o.jpg?_nc_cat=109&efg=eyJpIjoiYiJ9&_nc_ohc=BRx7GmSc2EYAQnpY_Zos8_2aawOkQb5RbaROZ_e9EZVXdgrk0pR0ci6ag&_nc_ht=scontent.flim1-2.fna&oh=02c2bacaf8ac8b6529f05a4a87453e01&oe=5E688077|https://mbasic.facebook.com/events/409158433330485
